nome,email,status,valor,forma_pagamento,parcelas
Cecília Almeida,1LnHnHgY@aol.com,reprovado,1278,pix,8
Isabelly Silva,zVkgRTNq@gmail.com,reprovado,949,pix,5
Heloísa Rodrigues,ZtCpoM8G@aol.com,reprovado,674,desconto com cupom,12
Francisco Almeida,xZgC54gW@outlook.com,reprovado,862,desconto com cupom,10
Lívia Pereira,vvDwk4Cb@aol.com,reprovado,977,pix,6
Helena Souza,Bi4ulBgd@hotmail.com,aprovado,658,desconto com cupom,10
Antonella Souza,YnWvXMmx@yahoo.com,reprovado,807,desconto com cupom,11
Enzo Miguel Souza,0xh17w7e@outlook.com,aprovado,841,desconto com cupom,8
Sophia Cunha,Bg1kXmUd@yahoo.com,reprovado,758,parcelado,7
Murilo Silva,NEjrk5rV@gmail.com,reprovado,1035,a vista,5
Enzo Miguel Souza,zD2djcNE@outlook.com,aprovado,929,a vista,10
Heloísa Cunha,nTWZBs7R@yahoo.com,aprovado,1092,desconto com cupom,9
Gustavo Cunha,7ekxPZ8f@yahoo.com,aprovado,671,parcelado,7
Isabela Souza,wo2dJTXY@outlook.com,reprovado,678,pix,9
Rebeca Costa,QCt8uay3@aol.com,aprovado,695,desconto com cupom,5
Enzo Miguel Ferreira,C2WgE63B@aol.com,aprovado,828,desconto com cupom,11
Laura Silva,YdnsXKSQ@outlook.com,aprovado,1094,parcelado,5
Tomás Rodrigues,6BKliHLj@aol.com,reprovado,920,a vista,9
Helena Ferreira,suTbMgmV@hotmail.com,reprovado,1063,pix,3
Maria Luiza Pereira,JyChjl23@yahoo.com,aprovado,1264,parcelado,8
Felipe Santos,bFJ8IVSD@gmail.com,reprovado,961,desconto com cupom,6
Vitória Santos,CgZUIGdh@yahoo.com,reprovado,814,parcelado,7
Caleb Oliveira,Ox3eTrTY@gmail.com,aprovado,930,a vista,10
João Silva,JG2Aac1I@aol.com,reprovado,756,desconto com cupom,6
Gustavo Santos,hREAtIlc@hotmail.com,reprovado,1060,pix,9
Gabriel Santos,R6zdEhzH@aol.com,aprovado,771,parcelado,7
Felipe Souza,BzFtnKTD@yahoo.com,aprovado,1049,a vista,6
Gabriela Souza,gmRKpTzf@aol.com,reprovado,1039,a vista,3
Maria Ferreira,uO535Kt6@outlook.com,aprovado,839,desconto com cupom,12
Bernardo Silva,CNWE2GC7@yahoo.com,aprovado,612,parcelado,8
Nicolas Almeida,0L0Cfx1i@outlook.com,reprovado,1217,desconto com cupom,7
Arthur Souza,AO92YttJ@hotmail.com,reprovado,919,pix,8
Samuel Almeida,rFAQOoOZ@hotmail.com,aprovado,874,pix,12
Carolina Rodrigues,bnWGbEA2@outlook.com,aprovado,1216,a vista,10
Matheus Pereira,ASkem8HJ@hotmail.com,reprovado,815,parcelado,5
Pedro Henrique Souza,heZ5e31D@gmail.com,aprovado,699,pix,8
Davi Silva,Ij0pCMsj@yahoo.com,reprovado,1017,pix,7
Enzo Gabriel Ferreira,OKYor0QY@gmail.com,aprovado,608,a vista,12
João Pedro Ferreira,SEuG7lmp@hotmail.com,aprovado,733,pix,5
Rebeca Costa,LYhLmSem@aol.com,reprovado,705,desconto com cupom,10
Leonardo Oliveira,XIc1uJMS@aol.com,reprovado,1072,parcelado,4
Enzo Rodrigues,fsdyyn1W@yahoo.com,aprovado,1079,desconto com cupom,11
Yasmin Rodrigues,GEq13Lws@gmail.com,aprovado,802,desconto com cupom,6
Otávio Ferreira,4UsmFcJo@yahoo.com,reprovado,1090,a vista,6
João Miguel Costa,iZ9eDSte@outlook.com,aprovado,1220,pix,7
Isadora Costa,lvWbZ1CD@aol.com,reprovado,707,desconto com cupom,9
Davi Lucca Oliveira,kNHrbmWC@outlook.com,aprovado,921,a vista,6
Maria Almeida,BAF6WkF2@gmail.com,reprovado,1081,pix,11
João Pedro Souza,s82vkRHe@yahoo.com,aprovado,1082,pix,1
Rebeca Santos,kkNAYyGf@gmail.com,aprovado,1068,a vista,7
Laura Almeida,vt0lSgii@yahoo.com,aprovado,1017,pix,11
Anthony Cunha,c8tJIqNF@outlook.com,reprovado,780,a vista,5
Pedro Lucas Costa,GwnsbXJB@aol.com,reprovado,635,pix,5
Murilo Silva,x1aDjgVP@gmail.com,aprovado,942,pix,6
Caleb Rodrigues,LBd71dvR@yahoo.com,aprovado,1212,parcelado,5
Heloísa Oliveira,1ugLMI3G@yahoo.com,reprovado,824,desconto com cupom,11
Pedro Lucas Rodrigues,qHMjKKLa@yahoo.com,aprovado,706,parcelado,11
Benício Almeida,nTubEw2A@hotmail.com,aprovado,1059,pix,8
Sophia Almeida,um3XLWTd@gmail.com,aprovado,948,pix,11
Nicolas Oliveira,KfrhiCTe@hotmail.com,reprovado,1229,pix,8
Davi Rodrigues,GzneQquw@hotmail.com,aprovado,1100,a vista,5
Samuel Costa,aoOWoEV8@outlook.com,aprovado,602,a vista,5
Carolina Cunha,1kizpQ9L@aol.com,reprovado,1200,parcelado,7
Benício Ferreira,W29nm28I@outlook.com,reprovado,1158,desconto com cupom,3
Carolina Oliveira,rV40KoZ7@yahoo.com,reprovado,817,desconto com cupom,6
Francisco Almeida,l7Y6wSO2@gmail.com,aprovado,1212,parcelado,7
Valentina Ferreira,ESa3BN2U@yahoo.com,aprovado,1144,pix,5
Pedro Henrique Santos,fvCRKn75@yahoo.com,reprovado,639,pix,2
Pedro Cunha,uSJWHlkL@aol.com,reprovado,875,parcelado,11
Yasmin Cunha,TZncWnBs@yahoo.com,aprovado,894,desconto com cupom,10
Alícia Almeida,Ajzxvf1w@yahoo.com,reprovado,793,a vista,12
Maria Eduarda Cunha,Sv3cl8YM@aol.com,reprovado,1141,desconto com cupom,5
Julia Cunha,LmruQoY8@gmail.com,reprovado,678,desconto com cupom,10
Lucca Rodrigues,sIUDIaGV@hotmail.com,aprovado,638,parcelado,6
Larissa Silva,mBF5ccPl@outlook.com,aprovado,1269,pix,8
Lorena Santos,HJRTGXlI@aol.com,aprovado,633,pix,1
Guilherme Pereira,0inKVCUE@hotmail.com,reprovado,1024,pix,9
Isis Cunha,g4TBPVxW@hotmail.com,aprovado,1025,a vista,11
Emanuelly Silva,3WGwakZN@aol.com,reprovado,1077,a vista,9
João Miguel Oliveira,a94vzp3O@gmail.com,aprovado,725,a vista,12
Beatriz Almeida,FMCcUEgm@yahoo.com,reprovado,888,pix,8
Lucca Santos,HUzfJM2e@gmail.com,reprovado,1247,desconto com cupom,9
Pedro Henrique Almeida,MKKJH2Ub@outlook.com,aprovado,1149,parcelado,10
Anthony Silva,cUQLbUPF@yahoo.com,aprovado,1024,a vista,8
João Cunha,k9J5HVN3@yahoo.com,reprovado,664,pix,3
Nicolas Almeida,O2JQZ6rl@hotmail.com,reprovado,1202,a vista,12
Giovanna Santos,M5UM0xVr@hotmail.com,reprovado,809,desconto com cupom,7
Vinícius Rodrigues,olb9Sw6S@gmail.com,reprovado,617,parcelado,3
Luiza Almeida,jc7qomOQ@aol.com,reprovado,830,a vista,6
Clara Santos,giMumwZm@outlook.com,aprovado,624,a vista,10
Samuel Pereira,yFCfxFKT@hotmail.com,reprovado,850,pix,12
Clara Santos,LnM57ayW@yahoo.com,aprovado,819,parcelado,12
João Lucas Souza,keEnJHvm@yahoo.com,reprovado,1127,pix,8
Gabriela Pereira,77qr2CUe@outlook.com,reprovado,889,parcelado,9
Enzo Miguel Rodrigues,3gFFFz3V@aol.com,aprovado,656,a vista,8
Julia Almeida,SbH5ChxQ@hotmail.com,aprovado,704,pix,4
Ana Clara Silva,ssAkXX4z@hotmail.com,aprovado,1051,desconto com cupom,5
Valentina Rodrigues,nUDGEOVj@hotmail.com,reprovado,1211,parcelado,3
Ana Clara Oliveira,kgYjjv1d@aol.com,reprovado,834,a vista,6
Gustavo Santos,FvQxjQco@gmail.com,aprovado,1167,parcelado,4
